,repetition_number,weight_index,weight_tuple,num_iterations,normalised_speed_reward,normalised_energy_reward,raw_speed_reward,raw_energy_reward,env_config_id,gamma,replay_buffer_size,use_reward_normalisation_wrapper,use_default_reward_normalisation
0,0,0,"[0.0, 1.0]",80,0.05634544497103764,0.8886767715732503,4.507635597683011,71.09414172586003,1,0.9,1000,False,True
1,1,0,"[0.0, 1.0]",80,0.1674565560821491,0.999787882684363,13.396524486571929,79.98303061474904,1,0.9,1000,False,True
2,0,1,"[1.0, 0.0]",24,0.39922447171759073,0.6992992351977754,9.581387321222177,16.78318164474661,1,0.9,1000,False,True
3,1,1,"[1.0, 0.0]",9,0.4223919716326244,0.7013721148684916,3.8015277446936193,6.3123490338164245,1,0.9,1000,False,True
